{"cameraMode":{"drawMode":0,"name":"Shaded","section":"Shading Mode"},"sceneLighting":false,"audioPlay":false,"sceneViewState":{"showFog":true,"showMaterialUpdate":false,"showSkybox":true,"showFlares":true,"showImageEffects":true,"showParticleSystems":true},"in2DMode":false,"pivot":{"x":6.153260707855225,"y":6.51518440246582,"z":3.5353264808654787},"rotation":{"x":0.08723433315753937,"y":-0.9005292057991028,"z":0.21295255422592164,"w":0.36889541149139407},"size":2.8578836917877199,"orthographic":false}