{"cameraMode":{"drawMode":0,"name":"Shaded","section":"Shading Mode"},"sceneLighting":false,"audioPlay":false,"sceneViewState":{"showFog":true,"showMaterialUpdate":false,"showSkybox":true,"showFlares":true,"showImageEffects":true,"showParticleSystems":true},"in2DMode":false,"pivot":{"x":-1.4921141862869263,"y":4.631000518798828,"z":2.3599555492401125},"rotation":{"x":-0.32955920696258547,"y":-0.13196220993995667,"z":0.04657772183418274,"w":-0.9337021112442017},"size":17.400442123413087,"orthographic":false}